﻿Designator,Footprint,Quantity,Value,LCSC Part #
BT1,AMASS_XT30PW-M_1x02_P2.50mm_Horizontal,1,XT30,
C1,1206,1,0.47u,
"C10, C11, C4, C5, C6, C7",0603,6,100n,
C12,0603,1,100nF,
C2,1206,1,22u,
C3,0603,1,4.7n,
C8,0603,1,10n,
C9,0603,1,1u,
"D1, D2, D3",D_SOD-123,3,D_Schottky,
IC2,SC-59,1,AH1912-W-7,
J2,USB_C_Receptacle_HRO_TYPE-C-31-M-12,1,USB_C_Receptacle_USB2.0,
J3,PinHeader_2x07_P1.27mm_Vertical_SMD,1,Conn_ST_STDC14,
"J4, J5",JST_EH_S2B-EH_1x02_P2.50mm_Horizontal,2,Conn_01x02_Pin,
R2_2,0603,1,10K,
"R2, R8, R9",0603,3,5.1k,
"R4, R5",0603,2,60,
"R6, R7",0603,2,22,
SW2,SW_SPST_SKQG_WithStem,1,SW_Push,
U2,SOT-223-3_TabPin2,1,TS2940CW33_RPG,
U3,LQFP-64_10x10mm_P0.5mm,1,STM32F072RBTx,
U4,SOIC-8_3.9x4.9mm_P1.27mm,1,TJA1051T-3,
Y1,Resonator_SMD_Murata_CSTxExxV-3Pin_3.0x1.1mm,1,8M,
