﻿Designator,Footprint,Quantity,Value,LCSC Part #
BT1,AMASS_XT30PW-M_1x02_P2.50mm_Horizontal,1,XT30,
C1,1206,1,0.47u,
C2,1206,1,22u,
C3,0603,1,4.7n,
"D1, D2, D3",D_SOD-123,3,D_Schottky,
IC1,SC-59,1,AH1912-W-7,
J1,CONN12_DX07S_JAE,1,DX07S016JA3R1500,
J2_2,USB_C_Receptacle_HRO_TYPE-C-31-M-12,1,USB_C_Receptacle_USB2.0,
J2,PinHeader_1x04_P2.00mm_Vertical,1,Conn_01x04_Pin,
J3,PinHeader_2x07_P1.27mm_Vertical_SMD,1,Conn_ST_STDC14,
"J4, J5",JST_EH_S2B-EH_1x02_P2.50mm_Horizontal,2,Conn_01x02_Pin,
R1,0603,1,10K,
"R2, R3, R8, R9",0603,4,5.1k,
"R4, R5",0603,2,60,
"R6, R7",0603,2,22,
SW1,SW_SPST_SKQG_WithStem,1,SW_Push,
U1,UFQFPN28-4x4mm-M,1,STM32F042G6U6TR,
U2,SOT-223-3_TabPin2,1,TS2940CW33_RPG,
U3,UFBGA-64_5x5mm_Layout8x8_P0.5mm,1,STM32F072RBHx,
U4,SOIC-8_3.9x4.9mm_P1.27mm,1,TJA1051T-3,
